id,message,label
5451002,Can you share the project files by evening?,ham
6046429,Earn money from home easily. Sign up now!,spam
11509909,"Hey, are we still meeting tomorrow?",spam
7602670,Are you available for a quick call?,ham
5066721,Let's catch up over coffee this weekend.,ham
316698,Please review the report and send feedback.,spam
7651665,Are you available for a quick call?,spam
4488593,You have been selected for a free vacation. Claim now!,ham
1490125,Urgent! Your account has been compromised. Verify immediately.,spam
12336541,Let's plan the trip after exams.,ham
16444631,Let's plan the trip after exams.,ham
10409262,Urgent! Your account has been compromised. Verify immediately.,spam
4562499,Limited time offer! Buy now and get 50% off!,ham
2779316,Urgent! Your account has been compromised. Verify immediately.,ham
176821,Can you share the project files by evening?,spam
15781266,Limited time offer! Buy now and get 50% off!,spam
13752361,Happy Birthday! Have a great year ahead.,ham
13208920,Let's plan the trip after exams.,ham
3515132,Congratulations! You have won a $1000 gift card. Click now!,spam
2818214,Act fast! Exclusive deal just for you.,spam
4500132,Let's plan the trip after exams.,spam
9518212,Win big prizes by participating in our lucky draw today!,spam
5738849,This is your last chance to win big rewards!,spam
2651333,Urgent! Your account has been compromised. Verify immediately.,spam
5530474,Let's plan the trip after exams.,spam
10330150,Are you available for a quick call?,spam
14227155,Your loan has been approved. Contact us now.,spam
9422459,Win big prizes by participating in our lucky draw today!,ham
7860627,Congratulations! You have won a $1000 gift card. Click now!,ham
7680865,Limited time offer! Buy now and get 50% off!,ham
1284608,Don't forget to submit your assignment by tonight.,spam
16616987,Congratulations! You have won a $1000 gift card. Click now!,spam
10928988,Let's plan the trip after exams.,ham
13826627,Win big prizes by participating in our lucky draw today!,ham
2369512,Act fast! Exclusive deal just for you.,ham
1647117,Happy Birthday! Have a great year ahead.,spam
13165006,Please review the report and send feedback.,ham
3706522,Let's catch up over coffee this weekend.,ham
16259465,Meeting postponed to next Monday.,ham
7768013,This is your last chance to win big rewards!,spam
3346457,Urgent! Your account has been compromised. Verify immediately.,ham
4319423,Urgent! Your account has been compromised. Verify immediately.,spam
9202950,Can you share the project files by evening?,spam
15669041,Happy Birthday! Have a great year ahead.,spam
6030428,"Hey, are we still meeting tomorrow?",ham
12695836,Are you available for a quick call?,ham
13888124,Limited time offer! Buy now and get 50% off!,ham
12723646,Your appointment is scheduled for 10 AM tomorrow.,spam
10161251,Your loan has been approved. Contact us now.,ham
5266797,This is your last chance to win big rewards!,ham
14108331,Can you share the project files by evening?,ham
5370191,Limited time offer! Buy now and get 50% off!,ham
241208,You have been selected for a free vacation. Claim now!,spam
1221489,Urgent! Your account has been compromised. Verify immediately.,ham
4239225,Urgent! Your account has been compromised. Verify immediately.,spam
9947999,This is your last chance to win big rewards!,ham
2971846,"Hey, are we still meeting tomorrow?",spam
3824656,Urgent! Your account has been compromised. Verify immediately.,ham
2193222,Your appointment is scheduled for 10 AM tomorrow.,ham
5241440,Your loan has been approved. Contact us now.,ham
6420439,This is your last chance to win big rewards!,ham
9172728,Urgent! Your account has been compromised. Verify immediately.,ham
15604511,"Hey, are we still meeting tomorrow?",spam
11040951,Urgent! Your account has been compromised. Verify immediately.,ham
4048347,Can you share the project files by evening?,spam
14457604,Win big prizes by participating in our lucky draw today!,ham
10295696,Can you share the project files by evening?,spam
3975217,Please review the report and send feedback.,ham
2650813,Get instant cashback on your first purchase. Hurry!,ham
10038438,Your appointment is scheduled for 10 AM tomorrow.,ham
9878845,Can you share the project files by evening?,ham
11539212,Can you share the project files by evening?,ham
12396133,Are you available for a quick call?,ham
8639436,Don't forget to submit your assignment by tonight.,spam
9405125,Let's plan the trip after exams.,ham
12236423,Let's plan the trip after exams.,ham
2262519,Don't forget to submit your assignment by tonight.,spam
11384828,Limited time offer! Buy now and get 50% off!,spam
9951690,Please review the report and send feedback.,ham
15405078,Urgent! Your account has been compromised. Verify immediately.,spam
6004874,Your loan has been approved. Contact us now.,ham
10949088,Let's catch up over coffee this weekend.,ham
13390526,Win big prizes by participating in our lucky draw today!,ham
5516975,Can you share the project files by evening?,spam
7434325,Congratulations! You have won a $1000 gift card. Click now!,spam
7679955,Congratulations! You have won a $1000 gift card. Click now!,spam
16624669,Happy Birthday! Have a great year ahead.,ham
549802,Let's plan the trip after exams.,ham
2909729,Win big prizes by participating in our lucky draw today!,ham
10665875,Can you share the project files by evening?,spam
7674091,Are you available for a quick call?,ham
14286717,Don't forget to submit your assignment by tonight.,spam
7358082,Your loan has been approved. Contact us now.,spam
3347156,Let's plan the trip after exams.,ham
91946,Let's plan the trip after exams.,spam
8578661,Can you share the project files by evening?,spam
10043381,Can you share the project files by evening?,spam
14701336,Earn money from home easily. Sign up now!,ham
12843227,Let's catch up over coffee this weekend.,spam
4831740,Can you share the project files by evening?,spam
12512568,This is your last chance to win big rewards!,ham
10296628,Congratulations! You have won a $1000 gift card. Click now!,ham
2612858,Can you share the project files by evening?,spam
7451154,Earn money from home easily. Sign up now!,ham
3718624,Let's plan the trip after exams.,spam
1990500,Are you available for a quick call?,ham
4881460,Please review the report and send feedback.,ham
13636370,Your loan has been approved. Contact us now.,spam
16178592,Are you available for a quick call?,ham
4088413,Let's plan the trip after exams.,ham
4061680,Can you share the project files by evening?,spam
2011447,Your appointment is scheduled for 10 AM tomorrow.,ham
1340974,Act fast! Exclusive deal just for you.,ham
12503311,Congratulations! You have won a $1000 gift card. Click now!,spam
10442480,Limited time offer! Buy now and get 50% off!,ham
12803871,Are you available for a quick call?,ham
13368079,Don't forget to submit your assignment by tonight.,spam
4629938,Can you share the project files by evening?,spam
1037694,Win big prizes by participating in our lucky draw today!,ham
7468345,Can you share the project files by evening?,ham
6411425,Limited time offer! Buy now and get 50% off!,ham
5617699,Your loan has been approved. Contact us now.,ham
15227792,Congratulations! You have won a $1000 gift card. Click now!,ham
14240397,Act fast! Exclusive deal just for you.,spam
6069337,Win big prizes by participating in our lucky draw today!,spam
2218837,Get instant cashback on your first purchase. Hurry!,ham
1698735,Let's plan the trip after exams.,ham
15650151,Urgent! Your account has been compromised. Verify immediately.,ham
1716402,Win big prizes by participating in our lucky draw today!,ham
16650280,"Hey, are we still meeting tomorrow?",ham
10337034,Don't forget to submit your assignment by tonight.,ham
12237667,Meeting postponed to next Monday.,ham
1493766,Your loan has been approved. Contact us now.,ham
31061,Happy Birthday! Have a great year ahead.,ham
15229490,Let's plan the trip after exams.,spam
14808258,Your appointment is scheduled for 10 AM tomorrow.,ham
7619346,Let's plan the trip after exams.,ham
1213212,Get instant cashback on your first purchase. Hurry!,spam
12639063,Urgent! Your account has been compromised. Verify immediately.,spam
272072,Don't forget to submit your assignment by tonight.,spam
15016616,Urgent! Your account has been compromised. Verify immediately.,ham
5144305,This is your last chance to win big rewards!,spam
542846,Don't forget to submit your assignment by tonight.,spam
1680135,Limited time offer! Buy now and get 50% off!,ham
14421581,Happy Birthday! Have a great year ahead.,spam
921043,"Hey, are we still meeting tomorrow?",ham
5266666,You have been selected for a free vacation. Claim now!,ham
4412192,Your appointment is scheduled for 10 AM tomorrow.,ham
13932029,Congratulations! You have won a $1000 gift card. Click now!,spam
11856400,Don't forget to submit your assignment by tonight.,spam
12463079,Your appointment is scheduled for 10 AM tomorrow.,spam
7704632,Your appointment is scheduled for 10 AM tomorrow.,ham
15135069,Urgent! Your account has been compromised. Verify immediately.,spam
3218982,Can you share the project files by evening?,spam
7511800,Urgent! Your account has been compromised. Verify immediately.,ham
1835523,Please review the report and send feedback.,spam
14884993,Get instant cashback on your first purchase. Hurry!,spam
8572201,"Hey, are we still meeting tomorrow?",spam
8107891,Win big prizes by participating in our lucky draw today!,spam
10438350,"Hey, are we still meeting tomorrow?",ham
11575054,Can you share the project files by evening?,ham
5978862,Earn money from home easily. Sign up now!,ham
7581611,"Hey, are we still meeting tomorrow?",spam
12582445,Can you share the project files by evening?,ham
11312318,Can you share the project files by evening?,ham
6004213,Please review the report and send feedback.,ham
6840727,Your loan has been approved. Contact us now.,spam
4440998,Meeting postponed to next Monday.,spam
9112176,Earn money from home easily. Sign up now!,ham
9363204,Your appointment is scheduled for 10 AM tomorrow.,spam
8448020,"Hey, are we still meeting tomorrow?",spam
4911374,Limited time offer! Buy now and get 50% off!,ham
10047643,You have been selected for a free vacation. Claim now!,ham
9686839,Please review the report and send feedback.,spam
3428759,Can you share the project files by evening?,ham
10924749,Earn money from home easily. Sign up now!,spam
7864181,You have been selected for a free vacation. Claim now!,spam
12473304,Please review the report and send feedback.,spam
1567628,Your appointment is scheduled for 10 AM tomorrow.,spam
4775862,Can you share the project files by evening?,spam
3458053,Let's plan the trip after exams.,ham
13140748,Limited time offer! Buy now and get 50% off!,ham
16766407,Are you available for a quick call?,ham
5283514,Your appointment is scheduled for 10 AM tomorrow.,ham
15015067,Win big prizes by participating in our lucky draw today!,spam
14341952,Can you share the project files by evening?,ham
3960548,Your loan has been approved. Contact us now.,ham
513038,Let's catch up over coffee this weekend.,spam
8578144,Let's plan the trip after exams.,spam
13480662,Get instant cashback on your first purchase. Hurry!,ham
4140533,You have been selected for a free vacation. Claim now!,spam
5675570,"Hey, are we still meeting tomorrow?",spam
5704203,Please review the report and send feedback.,ham
9644999,Can you share the project files by evening?,ham
8242821,Are you available for a quick call?,ham
14768397,Win big prizes by participating in our lucky draw today!,ham
6317572,Happy Birthday! Have a great year ahead.,ham
385901,Win big prizes by participating in our lucky draw today!,ham
10374735,Please review the report and send feedback.,ham
5430739,Can you share the project files by evening?,ham
6633349,Can you share the project files by evening?,spam
11167551,Let's catch up over coffee this weekend.,ham
3343335,Let's plan the trip after exams.,spam
8121966,Act fast! Exclusive deal just for you.,ham
14999934,Let's plan the trip after exams.,ham
5782625,Your loan has been approved. Contact us now.,ham
676558,Urgent! Your account has been compromised. Verify immediately.,spam
2149437,Are you available for a quick call?,ham
13099520,Your appointment is scheduled for 10 AM tomorrow.,spam
10642072,Congratulations! You have won a $1000 gift card. Click now!,ham
2845935,You have been selected for a free vacation. Claim now!,ham
13770850,Let's catch up over coffee this weekend.,spam
5268648,Urgent! Your account has been compromised. Verify immediately.,ham
4202161,This is your last chance to win big rewards!,ham
7146401,"Hey, are we still meeting tomorrow?",spam
4318787,Urgent! Your account has been compromised. Verify immediately.,ham
12402486,Urgent! Your account has been compromised. Verify immediately.,ham
15728953,Can you share the project files by evening?,ham
14848012,Please review the report and send feedback.,ham
9798100,Your appointment is scheduled for 10 AM tomorrow.,ham
15512244,"Hey, are we still meeting tomorrow?",ham
12561327,"Hey, are we still meeting tomorrow?",ham
11777023,This is your last chance to win big rewards!,spam
14168168,Win big prizes by participating in our lucky draw today!,ham
14436632,Congratulations! You have won a $1000 gift card. Click now!,ham
13605713,Don't forget to submit your assignment by tonight.,ham
10430032,Happy Birthday! Have a great year ahead.,ham
9692762,Let's plan the trip after exams.,ham
13865316,Congratulations! You have won a $1000 gift card. Click now!,ham
866559,Limited time offer! Buy now and get 50% off!,spam
3106847,Can you share the project files by evening?,spam
16075833,You have been selected for a free vacation. Claim now!,ham
14810274,Let's plan the trip after exams.,spam
7862751,Your appointment is scheduled for 10 AM tomorrow.,ham
6471732,Earn money from home easily. Sign up now!,ham
3745141,Let's plan the trip after exams.,spam
1076238,"Hey, are we still meeting tomorrow?",ham
14557743,Let's catch up over coffee this weekend.,ham
7734021,Let's plan the trip after exams.,spam
8586261,Let's catch up over coffee this weekend.,spam
14333049,Win big prizes by participating in our lucky draw today!,spam
11729987,Your appointment is scheduled for 10 AM tomorrow.,spam
4248435,Can you share the project files by evening?,ham
9354718,Urgent! Your account has been compromised. Verify immediately.,spam
4427948,Win big prizes by participating in our lucky draw today!,ham
5998803,Earn money from home easily. Sign up now!,ham
7222977,Get instant cashback on your first purchase. Hurry!,spam
11722823,Get instant cashback on your first purchase. Hurry!,ham
5019575,Can you share the project files by evening?,spam
2570594,Your appointment is scheduled for 10 AM tomorrow.,spam
1338606,"Hey, are we still meeting tomorrow?",spam
15206763,Limited time offer! Buy now and get 50% off!,ham
2650694,Let's plan the trip after exams.,spam
1627424,Can you share the project files by evening?,spam
11228197,Let's catch up over coffee this weekend.,spam
9312912,Happy Birthday! Have a great year ahead.,spam
9451575,Let's plan the trip after exams.,ham
2676887,"Hey, are we still meeting tomorrow?",spam
15106173,Your appointment is scheduled for 10 AM tomorrow.,ham
270860,Act fast! Exclusive deal just for you.,ham
2905850,Please review the report and send feedback.,ham
1201127,Urgent! Your account has been compromised. Verify immediately.,ham
6077452,Earn money from home easily. Sign up now!,ham
347745,Your loan has been approved. Contact us now.,spam
14294764,Your loan has been approved. Contact us now.,spam
11219786,Can you share the project files by evening?,ham
2156682,Let's plan the trip after exams.,ham
10598038,Your appointment is scheduled for 10 AM tomorrow.,ham
16716739,Congratulations! You have won a $1000 gift card. Click now!,ham
6986018,This is your last chance to win big rewards!,ham
16681153,Get instant cashback on your first purchase. Hurry!,ham
11316488,Happy Birthday! Have a great year ahead.,ham
14478552,Win big prizes by participating in our lucky draw today!,ham
7985762,Urgent! Your account has been compromised. Verify immediately.,ham
4443185,Can you share the project files by evening?,spam
15223213,Win big prizes by participating in our lucky draw today!,ham
2399638,Don't forget to submit your assignment by tonight.,ham
2517097,Earn money from home easily. Sign up now!,ham
3222363,Let's plan the trip after exams.,ham
16097830,Don't forget to submit your assignment by tonight.,ham
4953013,Get instant cashback on your first purchase. Hurry!,ham
3644687,Can you share the project files by evening?,ham
1697659,You have been selected for a free vacation. Claim now!,ham
7994149,Can you share the project files by evening?,spam
12322052,Happy Birthday! Have a great year ahead.,spam
9462279,Can you share the project files by evening?,spam
1987090,Happy Birthday! Have a great year ahead.,spam
12412158,Don't forget to submit your assignment by tonight.,spam
14756981,Win big prizes by participating in our lucky draw today!,ham
1505888,Are you available for a quick call?,ham
1338514,Happy Birthday! Have a great year ahead.,spam
13067153,Don't forget to submit your assignment by tonight.,ham
12815849,Let's plan the trip after exams.,spam
16282638,Let's plan the trip after exams.,ham
5478027,Earn money from home easily. Sign up now!,ham
3578607,Let's plan the trip after exams.,spam
6285283,This is your last chance to win big rewards!,ham
13945146,Win big prizes by participating in our lucky draw today!,spam
1791051,Meeting postponed to next Monday.,ham
5083449,Urgent! Your account has been compromised. Verify immediately.,spam
5700265,Win big prizes by participating in our lucky draw today!,ham
13298052,Can you share the project files by evening?,ham
14569324,Congratulations! You have won a $1000 gift card. Click now!,ham
703262,You have been selected for a free vacation. Claim now!,spam
14874426,Happy Birthday! Have a great year ahead.,spam
8063458,Limited time offer! Buy now and get 50% off!,spam
7743789,You have been selected for a free vacation. Claim now!,spam
8539280,Please review the report and send feedback.,spam
8489391,This is your last chance to win big rewards!,ham
4974438,Are you available for a quick call?,ham
9454519,You have been selected for a free vacation. Claim now!,ham
4470599,Don't forget to submit your assignment by tonight.,ham
16521013,Get instant cashback on your first purchase. Hurry!,spam
11135642,Let's catch up over coffee this weekend.,spam
10479260,Your loan has been approved. Contact us now.,ham
5940959,This is your last chance to win big rewards!,ham
3823448,Can you share the project files by evening?,ham
6958602,Happy Birthday! Have a great year ahead.,spam
8719771,Are you available for a quick call?,ham
1657901,You have been selected for a free vacation. Claim now!,ham
1714010,Act fast! Exclusive deal just for you.,spam
5741476,Are you available for a quick call?,ham
3483771,Congratulations! You have won a $1000 gift card. Click now!,ham
777376,Get instant cashback on your first purchase. Hurry!,spam
16291936,Urgent! Your account has been compromised. Verify immediately.,spam
1222094,Act fast! Exclusive deal just for you.,spam
12355501,Let's plan the trip after exams.,spam
13621580,Your appointment is scheduled for 10 AM tomorrow.,spam
8642540,Your loan has been approved. Contact us now.,ham
7515992,Happy Birthday! Have a great year ahead.,ham
3607866,Your appointment is scheduled for 10 AM tomorrow.,ham
10269402,Don't forget to submit your assignment by tonight.,ham
1248270,Can you share the project files by evening?,ham
2263412,Congratulations! You have won a $1000 gift card. Click now!,spam
2894177,Win big prizes by participating in our lucky draw today!,ham
337852,Congratulations! You have won a $1000 gift card. Click now!,spam
14984096,Act fast! Exclusive deal just for you.,ham
6455416,Congratulations! You have won a $1000 gift card. Click now!,spam
15509540,Let's catch up over coffee this weekend.,ham
1701102,"Hey, are we still meeting tomorrow?",spam
8850987,Happy Birthday! Have a great year ahead.,spam
4808380,Can you share the project files by evening?,ham
15004923,"Hey, are we still meeting tomorrow?",ham
1793579,Your appointment is scheduled for 10 AM tomorrow.,ham
15031558,Urgent! Your account has been compromised. Verify immediately.,ham
15897440,Please review the report and send feedback.,spam
14723402,Don't forget to submit your assignment by tonight.,ham
2909684,Let's catch up over coffee this weekend.,spam
8076783,Let's catch up over coffee this weekend.,spam
9737531,Get instant cashback on your first purchase. Hurry!,ham
8084500,Get instant cashback on your first purchase. Hurry!,spam
16501918,Your loan has been approved. Contact us now.,ham
5894018,Limited time offer! Buy now and get 50% off!,ham
742130,Let's catch up over coffee this weekend.,ham
7771607,Urgent! Your account has been compromised. Verify immediately.,ham
11133486,Act fast! Exclusive deal just for you.,ham
1460501,Your appointment is scheduled for 10 AM tomorrow.,ham
9940406,Urgent! Your account has been compromised. Verify immediately.,ham
16196930,Happy Birthday! Have a great year ahead.,ham
3715354,Get instant cashback on your first purchase. Hurry!,spam
15283207,Meeting postponed to next Monday.,spam
9418306,Win big prizes by participating in our lucky draw today!,ham
14505235,You have been selected for a free vacation. Claim now!,spam
5134646,Please review the report and send feedback.,ham
5203595,"Hey, are we still meeting tomorrow?",ham
12851483,Can you share the project files by evening?,ham
10192658,Please review the report and send feedback.,ham
6943768,You have been selected for a free vacation. Claim now!,ham
2516320,You have been selected for a free vacation. Claim now!,spam
11635422,Congratulations! You have won a $1000 gift card. Click now!,ham
1287908,Are you available for a quick call?,ham
3132521,Your appointment is scheduled for 10 AM tomorrow.,spam
3443105,Can you share the project files by evening?,spam
4459774,You have been selected for a free vacation. Claim now!,ham
9506007,Are you available for a quick call?,spam
12281197,"Hey, are we still meeting tomorrow?",ham
4691806,Win big prizes by participating in our lucky draw today!,ham
3167423,Let's plan the trip after exams.,ham
13918357,Limited time offer! Buy now and get 50% off!,spam
11452496,Earn money from home easily. Sign up now!,ham
3419732,You have been selected for a free vacation. Claim now!,ham
5769436,Meeting postponed to next Monday.,ham
3477057,Earn money from home easily. Sign up now!,ham
5699899,Let's plan the trip after exams.,ham
9675257,You have been selected for a free vacation. Claim now!,spam
8932202,Are you available for a quick call?,ham
7510754,Please review the report and send feedback.,ham
28867,Don't forget to submit your assignment by tonight.,spam
5224867,Meeting postponed to next Monday.,spam
7831662,Happy Birthday! Have a great year ahead.,ham
5289757,Get instant cashback on your first purchase. Hurry!,spam
9388493,Can you share the project files by evening?,ham
12436862,Are you available for a quick call?,spam
5133292,Are you available for a quick call?,ham
1392123,Congratulations! You have won a $1000 gift card. Click now!,spam
12715334,Urgent! Your account has been compromised. Verify immediately.,spam
1341475,Please review the report and send feedback.,spam
16365547,Can you share the project files by evening?,spam
532339,Can you share the project files by evening?,spam
14665338,Win big prizes by participating in our lucky draw today!,ham
12268371,Can you share the project files by evening?,ham
3471990,Let's catch up over coffee this weekend.,spam
16237385,Can you share the project files by evening?,ham
10402057,You have been selected for a free vacation. Claim now!,ham
10892768,Urgent! Your account has been compromised. Verify immediately.,ham
422638,Congratulations! You have won a $1000 gift card. Click now!,spam
10770986,Meeting postponed to next Monday.,ham
8402833,Act fast! Exclusive deal just for you.,ham
8355398,Don't forget to submit your assignment by tonight.,ham
14282636,Please review the report and send feedback.,ham
2248235,Can you share the project files by evening?,ham
10500541,Act fast! Exclusive deal just for you.,ham
3248651,Act fast! Exclusive deal just for you.,ham
8238977,Don't forget to submit your assignment by tonight.,spam
7758766,Please review the report and send feedback.,ham
7636990,"Hey, are we still meeting tomorrow?",ham
2668701,Your appointment is scheduled for 10 AM tomorrow.,spam
3080113,You have been selected for a free vacation. Claim now!,ham
8000466,Your loan has been approved. Contact us now.,spam
10918884,Can you share the project files by evening?,spam
5657513,Win big prizes by participating in our lucky draw today!,spam
3220521,"Hey, are we still meeting tomorrow?",ham
5740823,"Hey, are we still meeting tomorrow?",ham
3183810,Win big prizes by participating in our lucky draw today!,ham
12319108,Win big prizes by participating in our lucky draw today!,spam
8170955,Please review the report and send feedback.,ham
8310504,Win big prizes by participating in our lucky draw today!,spam
14597426,Limited time offer! Buy now and get 50% off!,ham
13723323,Urgent! Your account has been compromised. Verify immediately.,ham
4984846,Let's plan the trip after exams.,spam
16752901,"Hey, are we still meeting tomorrow?",ham
479544,Congratulations! You have won a $1000 gift card. Click now!,spam
778065,Let's plan the trip after exams.,ham
8415348,Get instant cashback on your first purchase. Hurry!,ham
12663102,Let's plan the trip after exams.,ham
7663056,This is your last chance to win big rewards!,ham
12484462,Don't forget to submit your assignment by tonight.,ham
15627870,Don't forget to submit your assignment by tonight.,ham
15070242,Let's plan the trip after exams.,ham
13071462,Your appointment is scheduled for 10 AM tomorrow.,ham
6207419,Your appointment is scheduled for 10 AM tomorrow.,spam
12906947,Can you share the project files by evening?,spam
11055058,Get instant cashback on your first purchase. Hurry!,ham
13077397,Your appointment is scheduled for 10 AM tomorrow.,ham
13878243,Limited time offer! Buy now and get 50% off!,spam
14010358,Get instant cashback on your first purchase. Hurry!,spam
172788,Limited time offer! Buy now and get 50% off!,spam
9160198,Congratulations! You have won a $1000 gift card. Click now!,spam
7873180,Limited time offer! Buy now and get 50% off!,spam
15774169,Meeting postponed to next Monday.,ham
16069435,"Hey, are we still meeting tomorrow?",spam
14902850,Win big prizes by participating in our lucky draw today!,ham
3314939,Let's catch up over coffee this weekend.,ham
15165766,Your loan has been approved. Contact us now.,ham
15678649,Don't forget to submit your assignment by tonight.,spam
10992560,Are you available for a quick call?,ham
11332530,"Hey, are we still meeting tomorrow?",ham
13425453,Earn money from home easily. Sign up now!,ham
14585896,Limited time offer! Buy now and get 50% off!,spam
608929,Please review the report and send feedback.,spam
3614279,Your appointment is scheduled for 10 AM tomorrow.,spam
12093902,Win big prizes by participating in our lucky draw today!,spam
4783861,Congratulations! You have won a $1000 gift card. Click now!,ham
16467793,Congratulations! You have won a $1000 gift card. Click now!,spam
5396164,Your loan has been approved. Contact us now.,ham
14402096,Your appointment is scheduled for 10 AM tomorrow.,ham
4994698,Congratulations! You have won a $1000 gift card. Click now!,ham
4051925,Earn money from home easily. Sign up now!,ham
6768332,Your loan has been approved. Contact us now.,ham
11134198,Don't forget to submit your assignment by tonight.,spam
8482021,Limited time offer! Buy now and get 50% off!,spam
7844716,Congratulations! You have won a $1000 gift card. Click now!,spam
10466031,Please review the report and send feedback.,ham
8464216,Meeting postponed to next Monday.,spam
4968970,Urgent! Your account has been compromised. Verify immediately.,ham
3878408,Congratulations! You have won a $1000 gift card. Click now!,spam
12814439,Urgent! Your account has been compromised. Verify immediately.,ham
517582,Urgent! Your account has been compromised. Verify immediately.,spam
13107229,"Hey, are we still meeting tomorrow?",spam
6865166,Let's catch up over coffee this weekend.,ham
11424058,This is your last chance to win big rewards!,ham
5047895,Can you share the project files by evening?,spam
10797243,"Hey, are we still meeting tomorrow?",ham
1772027,You have been selected for a free vacation. Claim now!,spam
2720432,Happy Birthday! Have a great year ahead.,spam
9203863,Let's plan the trip after exams.,spam
12298960,Don't forget to submit your assignment by tonight.,ham
1193860,Win big prizes by participating in our lucky draw today!,spam
16363529,Happy Birthday! Have a great year ahead.,ham
8324936,This is your last chance to win big rewards!,ham
153213,Limited time offer! Buy now and get 50% off!,ham
11625556,Get instant cashback on your first purchase. Hurry!,spam
3437772,Please review the report and send feedback.,ham
8484791,Congratulations! You have won a $1000 gift card. Click now!,ham
5533870,Win big prizes by participating in our lucky draw today!,ham
11320752,Happy Birthday! Have a great year ahead.,spam
13066652,"Hey, are we still meeting tomorrow?",spam
7430939,Can you share the project files by evening?,ham
2193254,You have been selected for a free vacation. Claim now!,ham
476193,"Hey, are we still meeting tomorrow?",spam
7175361,Let's plan the trip after exams.,spam
483314,Urgent! Your account has been compromised. Verify immediately.,ham
14490274,Win big prizes by participating in our lucky draw today!,ham
11964160,Can you share the project files by evening?,ham
16324526,Act fast! Exclusive deal just for you.,spam
12580983,Happy Birthday! Have a great year ahead.,ham
16518095,"Hey, are we still meeting tomorrow?",spam
15503292,Urgent! Your account has been compromised. Verify immediately.,spam
15034364,Happy Birthday! Have a great year ahead.,ham
4737814,Act fast! Exclusive deal just for you.,spam
6858803,Are you available for a quick call?,ham
3941680,This is your last chance to win big rewards!,ham
3589120,Let's catch up over coffee this weekend.,spam
14177928,Let's plan the trip after exams.,ham
9493889,"Hey, are we still meeting tomorrow?",ham
10997955,Get instant cashback on your first purchase. Hurry!,ham
15921377,Your loan has been approved. Contact us now.,spam
2598973,Your appointment is scheduled for 10 AM tomorrow.,ham
2241723,Can you share the project files by evening?,ham
5477444,This is your last chance to win big rewards!,spam
7092873,Your loan has been approved. Contact us now.,ham
436790,Are you available for a quick call?,ham
5575922,Urgent! Your account has been compromised. Verify immediately.,spam
2990574,Win big prizes by participating in our lucky draw today!,ham
12595289,"Hey, are we still meeting tomorrow?",ham
1163260,Urgent! Your account has been compromised. Verify immediately.,spam
14998419,Don't forget to submit your assignment by tonight.,spam
15933179,Win big prizes by participating in our lucky draw today!,spam
12782127,Urgent! Your account has been compromised. Verify immediately.,ham
12788937,Congratulations! You have won a $1000 gift card. Click now!,spam
11015493,Can you share the project files by evening?,spam
3758790,Act fast! Exclusive deal just for you.,spam
4490951,Limited time offer! Buy now and get 50% off!,ham
15897684,Congratulations! You have won a $1000 gift card. Click now!,ham
4080728,Happy Birthday! Have a great year ahead.,ham
7675546,Please review the report and send feedback.,spam
15154660,Meeting postponed to next Monday.,ham
8126787,Win big prizes by participating in our lucky draw today!,ham
9178390,Please review the report and send feedback.,ham
14632613,You have been selected for a free vacation. Claim now!,ham
6798026,Are you available for a quick call?,spam
10384480,Meeting postponed to next Monday.,spam
12020800,Your appointment is scheduled for 10 AM tomorrow.,spam
7467660,Win big prizes by participating in our lucky draw today!,ham
14779049,Your loan has been approved. Contact us now.,spam
5307387,Please review the report and send feedback.,ham
6321267,Can you share the project files by evening?,spam
11303781,Limited time offer! Buy now and get 50% off!,ham
13037003,Act fast! Exclusive deal just for you.,ham
8463313,Are you available for a quick call?,spam
7901739,Win big prizes by participating in our lucky draw today!,spam
10824642,Let's catch up over coffee this weekend.,ham
13767733,Urgent! Your account has been compromised. Verify immediately.,ham
10138354,Congratulations! You have won a $1000 gift card. Click now!,spam
3416948,Let's plan the trip after exams.,spam
3339221,Congratulations! You have won a $1000 gift card. Click now!,ham
4161256,Your appointment is scheduled for 10 AM tomorrow.,ham
5136625,Can you share the project files by evening?,spam
13532819,Meeting postponed to next Monday.,spam
14213098,Can you share the project files by evening?,ham
3196924,"Hey, are we still meeting tomorrow?",spam
11066092,Act fast! Exclusive deal just for you.,spam
11408747,This is your last chance to win big rewards!,spam
10579959,Win big prizes by participating in our lucky draw today!,spam
2861597,Limited time offer! Buy now and get 50% off!,ham
10077014,You have been selected for a free vacation. Claim now!,spam
8446405,Your loan has been approved. Contact us now.,ham
1426652,Let's plan the trip after exams.,ham
6130491,Can you share the project files by evening?,spam
10571607,Get instant cashback on your first purchase. Hurry!,ham
12489298,Don't forget to submit your assignment by tonight.,ham
1912680,Your loan has been approved. Contact us now.,spam
15417267,Your loan has been approved. Contact us now.,ham
3033204,Urgent! Your account has been compromised. Verify immediately.,spam
16185074,Urgent! Your account has been compromised. Verify immediately.,spam
13061284,Get instant cashback on your first purchase. Hurry!,ham
14614589,Let's catch up over coffee this weekend.,spam
7458221,Happy Birthday! Have a great year ahead.,spam
2180874,Don't forget to submit your assignment by tonight.,spam
1023870,Win big prizes by participating in our lucky draw today!,spam
6220084,Happy Birthday! Have a great year ahead.,spam
342644,Congratulations! You have won a $1000 gift card. Click now!,spam
5533111,Are you available for a quick call?,ham
7202621,Act fast! Exclusive deal just for you.,spam
6327329,Your loan has been approved. Contact us now.,spam
2804144,Meeting postponed to next Monday.,spam
12847385,Win big prizes by participating in our lucky draw today!,spam
10734498,Let's plan the trip after exams.,ham
9351881,Please review the report and send feedback.,ham
5319058,Let's plan the trip after exams.,spam
1144707,Win big prizes by participating in our lucky draw today!,spam
7665123,Happy Birthday! Have a great year ahead.,ham
11713788,Your loan has been approved. Contact us now.,spam
3002067,Can you share the project files by evening?,ham
3659351,Act fast! Exclusive deal just for you.,spam
8291925,Urgent! Your account has been compromised. Verify immediately.,ham
6124241,Limited time offer! Buy now and get 50% off!,spam
5275105,Win big prizes by participating in our lucky draw today!,ham
11668447,Can you share the project files by evening?,spam
14850087,Let's plan the trip after exams.,ham
14791949,Don't forget to submit your assignment by tonight.,spam
13362879,Let's plan the trip after exams.,ham
15492164,Earn money from home easily. Sign up now!,ham
3506961,Can you share the project files by evening?,spam
252047,Act fast! Exclusive deal just for you.,ham
10944055,Congratulations! You have won a $1000 gift card. Click now!,ham
4495687,Win big prizes by participating in our lucky draw today!,ham
11536067,Please review the report and send feedback.,ham
14654794,Let's catch up over coffee this weekend.,ham
15262846,Limited time offer! Buy now and get 50% off!,ham
14836260,Can you share the project files by evening?,ham
9740327,Are you available for a quick call?,ham
5374018,Limited time offer! Buy now and get 50% off!,spam
12055638,You have been selected for a free vacation. Claim now!,ham
5067101,Your loan has been approved. Contact us now.,spam
13557990,Happy Birthday! Have a great year ahead.,spam
13945573,Let's catch up over coffee this weekend.,spam
8951971,Please review the report and send feedback.,ham
11153654,Please review the report and send feedback.,ham
16478867,You have been selected for a free vacation. Claim now!,spam
4463900,"Hey, are we still meeting tomorrow?",ham
399965,Can you share the project files by evening?,spam
10809613,Your appointment is scheduled for 10 AM tomorrow.,spam
5940266,You have been selected for a free vacation. Claim now!,spam
7707062,Let's plan the trip after exams.,ham
11669863,Win big prizes by participating in our lucky draw today!,spam
1531211,Happy Birthday! Have a great year ahead.,ham
132681,Are you available for a quick call?,ham
8816121,Earn money from home easily. Sign up now!,ham
1259989,Are you available for a quick call?,ham
14184291,You have been selected for a free vacation. Claim now!,ham
12727447,Are you available for a quick call?,spam
6294029,Let's catch up over coffee this weekend.,spam
368044,You have been selected for a free vacation. Claim now!,ham
14058705,Congratulations! You have won a $1000 gift card. Click now!,spam
7685666,Don't forget to submit your assignment by tonight.,spam
15477118,This is your last chance to win big rewards!,spam
12233984,Win big prizes by participating in our lucky draw today!,ham
6607209,Let's plan the trip after exams.,ham
14005728,Limited time offer! Buy now and get 50% off!,ham
15868155,Your loan has been approved. Contact us now.,spam
417849,Win big prizes by participating in our lucky draw today!,spam
2798971,Urgent! Your account has been compromised. Verify immediately.,ham
8257795,Let's catch up over coffee this weekend.,ham
9014456,Get instant cashback on your first purchase. Hurry!,ham
8504164,Happy Birthday! Have a great year ahead.,spam
13687318,Win big prizes by participating in our lucky draw today!,spam
8526908,Are you available for a quick call?,ham
13880101,Act fast! Exclusive deal just for you.,ham
14242781,Win big prizes by participating in our lucky draw today!,spam
3439046,Get instant cashback on your first purchase. Hurry!,spam
12649479,Please review the report and send feedback.,ham
8527939,Meeting postponed to next Monday.,spam
4823784,Act fast! Exclusive deal just for you.,ham
8731106,Happy Birthday! Have a great year ahead.,spam
6798400,Earn money from home easily. Sign up now!,ham
15741928,Are you available for a quick call?,ham
4723128,Can you share the project files by evening?,ham
7107032,Please review the report and send feedback.,ham
12673253,You have been selected for a free vacation. Claim now!,spam
12021306,Don't forget to submit your assignment by tonight.,ham
11620442,Limited time offer! Buy now and get 50% off!,ham
12116115,Happy Birthday! Have a great year ahead.,ham
4305940,Meeting postponed to next Monday.,ham
15043028,You have been selected for a free vacation. Claim now!,ham
13753249,Win big prizes by participating in our lucky draw today!,spam
421968,Congratulations! You have won a $1000 gift card. Click now!,ham
10627608,Urgent! Your account has been compromised. Verify immediately.,spam
4428950,Congratulations! You have won a $1000 gift card. Click now!,spam
5690898,Urgent! Your account has been compromised. Verify immediately.,ham
10305148,Your loan has been approved. Contact us now.,spam
2858466,Win big prizes by participating in our lucky draw today!,spam
15965301,Your appointment is scheduled for 10 AM tomorrow.,ham
13142306,Happy Birthday! Have a great year ahead.,spam
8878059,Can you share the project files by evening?,spam
13461830,Win big prizes by participating in our lucky draw today!,spam
7829321,Win big prizes by participating in our lucky draw today!,spam
11228782,Your appointment is scheduled for 10 AM tomorrow.,spam
16413812,Your loan has been approved. Contact us now.,ham
14678549,Win big prizes by participating in our lucky draw today!,ham
2452364,Are you available for a quick call?,ham
2574903,Meeting postponed to next Monday.,spam
3262374,Let's catch up over coffee this weekend.,ham
14606620,Urgent! Your account has been compromised. Verify immediately.,spam
6994805,Congratulations! You have won a $1000 gift card. Click now!,ham
9076636,This is your last chance to win big rewards!,spam
7201442,Meeting postponed to next Monday.,ham
4127740,Your loan has been approved. Contact us now.,spam
2786395,Please review the report and send feedback.,spam
9668460,Are you available for a quick call?,ham
14990377,Act fast! Exclusive deal just for you.,ham
8489347,Let's catch up over coffee this weekend.,spam
12699652,Your loan has been approved. Contact us now.,ham
16113027,Happy Birthday! Have a great year ahead.,ham
6853373,Get instant cashback on your first purchase. Hurry!,spam
8867598,Are you available for a quick call?,ham
6035459,Your appointment is scheduled for 10 AM tomorrow.,ham
9296045,Meeting postponed to next Monday.,spam
11324453,Are you available for a quick call?,ham
11870560,Meeting postponed to next Monday.,ham
4412453,Congratulations! You have won a $1000 gift card. Click now!,spam
6288530,Urgent! Your account has been compromised. Verify immediately.,ham
14510123,Let's plan the trip after exams.,spam
11588990,Don't forget to submit your assignment by tonight.,spam
14031754,Congratulations! You have won a $1000 gift card. Click now!,ham
14646737,"Hey, are we still meeting tomorrow?",ham
15594578,You have been selected for a free vacation. Claim now!,ham
16352196,Get instant cashback on your first purchase. Hurry!,ham
7748745,Your appointment is scheduled for 10 AM tomorrow.,spam
16646388,Don't forget to submit your assignment by tonight.,ham
11084072,Get instant cashback on your first purchase. Hurry!,spam
12890379,Happy Birthday! Have a great year ahead.,ham
7155791,Earn money from home easily. Sign up now!,spam
9703896,Can you share the project files by evening?,spam
2134170,Happy Birthday! Have a great year ahead.,ham
3519495,Can you share the project files by evening?,ham
6980573,Meeting postponed to next Monday.,ham
2208975,"Hey, are we still meeting tomorrow?",ham
14883884,Congratulations! You have won a $1000 gift card. Click now!,ham
2281590,"Hey, are we still meeting tomorrow?",spam
7161557,Your loan has been approved. Contact us now.,spam
822853,Let's plan the trip after exams.,ham
2780334,You have been selected for a free vacation. Claim now!,spam
10804867,Act fast! Exclusive deal just for you.,spam
1850769,"Hey, are we still meeting tomorrow?",spam
16423451,Are you available for a quick call?,spam
5069362,Let's plan the trip after exams.,ham
12212394,Happy Birthday! Have a great year ahead.,ham
771380,Limited time offer! Buy now and get 50% off!,ham
12672145,You have been selected for a free vacation. Claim now!,ham
1820318,Win big prizes by participating in our lucky draw today!,spam
5630021,Act fast! Exclusive deal just for you.,ham
14214427,Get instant cashback on your first purchase. Hurry!,ham
7136801,"Hey, are we still meeting tomorrow?",spam
3389263,Please review the report and send feedback.,ham
5418349,Urgent! Your account has been compromised. Verify immediately.,ham
7266516,Meeting postponed to next Monday.,ham
9400526,Get instant cashback on your first purchase. Hurry!,ham
13503462,You have been selected for a free vacation. Claim now!,spam
871519,Please review the report and send feedback.,spam
11242588,Please review the report and send feedback.,ham
14855430,Let's catch up over coffee this weekend.,ham
10981911,Earn money from home easily. Sign up now!,ham
15530762,Earn money from home easily. Sign up now!,ham
16763571,Your loan has been approved. Contact us now.,ham
14901000,Let's catch up over coffee this weekend.,ham
2577972,Let's plan the trip after exams.,ham
12267160,Happy Birthday! Have a great year ahead.,ham
9333300,Act fast! Exclusive deal just for you.,ham
272685,Can you share the project files by evening?,ham
15318630,"Hey, are we still meeting tomorrow?",ham
4677588,Meeting postponed to next Monday.,ham
9749467,Act fast! Exclusive deal just for you.,ham
14382402,Urgent! Your account has been compromised. Verify immediately.,spam
1110860,Congratulations! You have won a $1000 gift card. Click now!,ham
8583118,Don't forget to submit your assignment by tonight.,spam
13868518,You have been selected for a free vacation. Claim now!,ham
1162221,Meeting postponed to next Monday.,spam
16726036,Are you available for a quick call?,ham
8105863,Let's plan the trip after exams.,ham
11716121,"Hey, are we still meeting tomorrow?",ham
5665338,Please review the report and send feedback.,ham
14945116,Congratulations! You have won a $1000 gift card. Click now!,spam
16755287,Meeting postponed to next Monday.,ham
5751175,This is your last chance to win big rewards!,ham
5405487,Win big prizes by participating in our lucky draw today!,ham
12923664,"Hey, are we still meeting tomorrow?",spam
16444596,Act fast! Exclusive deal just for you.,spam
69349,Can you share the project files by evening?,ham
16276398,Win big prizes by participating in our lucky draw today!,spam
2104858,Let's plan the trip after exams.,ham
10857767,Let's catch up over coffee this weekend.,spam
7354452,Meeting postponed to next Monday.,spam
7259185,Can you share the project files by evening?,spam
14538777,Congratulations! You have won a $1000 gift card. Click now!,ham
8416141,Urgent! Your account has been compromised. Verify immediately.,spam
10477593,Urgent! Your account has been compromised. Verify immediately.,ham
3185906,Can you share the project files by evening?,ham
906724,Are you available for a quick call?,ham
13208193,Your appointment is scheduled for 10 AM tomorrow.,spam
6421590,Earn money from home easily. Sign up now!,ham
11434483,Your appointment is scheduled for 10 AM tomorrow.,spam
1192194,Your loan has been approved. Contact us now.,spam
10808006,This is your last chance to win big rewards!,spam
14260777,Happy Birthday! Have a great year ahead.,spam
11495522,"Hey, are we still meeting tomorrow?",spam
13122969,Happy Birthday! Have a great year ahead.,ham
9305282,Don't forget to submit your assignment by tonight.,spam
4159574,Can you share the project files by evening?,ham
3321401,Can you share the project files by evening?,ham
925084,Urgent! Your account has been compromised. Verify immediately.,ham
456494,Meeting postponed to next Monday.,ham
10328406,"Hey, are we still meeting tomorrow?",spam
11521257,Earn money from home easily. Sign up now!,spam
1464524,Win big prizes by participating in our lucky draw today!,ham
993257,Please review the report and send feedback.,ham
1953119,Can you share the project files by evening?,spam
7494783,Let's catch up over coffee this weekend.,ham
671668,You have been selected for a free vacation. Claim now!,spam
16641744,Congratulations! You have won a $1000 gift card. Click now!,spam
13585441,"Hey, are we still meeting tomorrow?",spam
8095658,Act fast! Exclusive deal just for you.,ham
3611256,Limited time offer! Buy now and get 50% off!,ham
11045052,Act fast! Exclusive deal just for you.,spam
15825838,Can you share the project files by evening?,ham
6852123,Happy Birthday! Have a great year ahead.,spam
3367825,Earn money from home easily. Sign up now!,spam
13386968,Let's catch up over coffee this weekend.,ham
12389179,Earn money from home easily. Sign up now!,spam
4554216,Don't forget to submit your assignment by tonight.,ham
2965092,Get instant cashback on your first purchase. Hurry!,ham
15689771,Please review the report and send feedback.,spam
4085015,Congratulations! You have won a $1000 gift card. Click now!,ham
8895531,Your appointment is scheduled for 10 AM tomorrow.,spam
1865737,Happy Birthday! Have a great year ahead.,spam
1818417,Please review the report and send feedback.,spam
45796,Get instant cashback on your first purchase. Hurry!,ham
9418919,Urgent! Your account has been compromised. Verify immediately.,spam
12173204,Don't forget to submit your assignment by tonight.,ham
4082432,Can you share the project files by evening?,spam
4123515,Limited time offer! Buy now and get 50% off!,ham
13082244,Let's plan the trip after exams.,ham
11751143,Earn money from home easily. Sign up now!,ham
8050895,Let's plan the trip after exams.,ham
13508782,Urgent! Your account has been compromised. Verify immediately.,ham
12136990,Don't forget to submit your assignment by tonight.,spam
2052749,Let's plan the trip after exams.,ham
2664292,Can you share the project files by evening?,ham
14513764,Win big prizes by participating in our lucky draw today!,ham
7508037,Meeting postponed to next Monday.,ham
712776,Win big prizes by participating in our lucky draw today!,ham
2480617,Get instant cashback on your first purchase. Hurry!,ham
2661639,Urgent! Your account has been compromised. Verify immediately.,spam
15505987,"Hey, are we still meeting tomorrow?",ham
11031813,This is your last chance to win big rewards!,spam
11953036,Can you share the project files by evening?,ham
16431534,Don't forget to submit your assignment by tonight.,ham
14264297,Limited time offer! Buy now and get 50% off!,ham
4880066,"Hey, are we still meeting tomorrow?",ham
12895555,Win big prizes by participating in our lucky draw today!,ham
3537757,Congratulations! You have won a $1000 gift card. Click now!,ham
12036599,Get instant cashback on your first purchase. Hurry!,spam
13735807,This is your last chance to win big rewards!,ham
14360270,Let's plan the trip after exams.,spam
13607602,This is your last chance to win big rewards!,spam
8991287,"Hey, are we still meeting tomorrow?",ham
6749325,Don't forget to submit your assignment by tonight.,spam
104212,Earn money from home easily. Sign up now!,spam
5943417,Win big prizes by participating in our lucky draw today!,spam
4338611,Are you available for a quick call?,spam
5960770,Act fast! Exclusive deal just for you.,ham
1672236,"Hey, are we still meeting tomorrow?",spam
8702922,Can you share the project files by evening?,spam
6609116,Are you available for a quick call?,spam
11709326,Your appointment is scheduled for 10 AM tomorrow.,ham
14671276,Limited time offer! Buy now and get 50% off!,ham
6416061,Win big prizes by participating in our lucky draw today!,ham
6326684,Limited time offer! Buy now and get 50% off!,ham
2290271,Congratulations! You have won a $1000 gift card. Click now!,ham
8979048,You have been selected for a free vacation. Claim now!,ham
6044225,This is your last chance to win big rewards!,spam
15544459,Limited time offer! Buy now and get 50% off!,spam
5078965,Let's plan the trip after exams.,spam
4296169,Happy Birthday! Have a great year ahead.,ham
923738,Urgent! Your account has been compromised. Verify immediately.,spam
16005718,Your loan has been approved. Contact us now.,spam
14160238,"Hey, are we still meeting tomorrow?",spam
5299887,Happy Birthday! Have a great year ahead.,ham
14259704,Your appointment is scheduled for 10 AM tomorrow.,spam
12023195,Let's plan the trip after exams.,spam
4249445,Can you share the project files by evening?,spam
10851107,Get instant cashback on your first purchase. Hurry!,spam
6832470,Are you available for a quick call?,ham
7461625,Don't forget to submit your assignment by tonight.,spam
2360478,Get instant cashback on your first purchase. Hurry!,spam
1691988,Your loan has been approved. Contact us now.,ham
259133,This is your last chance to win big rewards!,ham
12376960,Are you available for a quick call?,spam
13227705,Let's catch up over coffee this weekend.,ham
8754135,Win big prizes by participating in our lucky draw today!,ham
4827002,Get instant cashback on your first purchase. Hurry!,ham
14238590,Don't forget to submit your assignment by tonight.,spam
16355932,"Hey, are we still meeting tomorrow?",ham
7952558,Don't forget to submit your assignment by tonight.,ham
14772311,Happy Birthday! Have a great year ahead.,ham
5793470,Let's catch up over coffee this weekend.,spam
436544,Your appointment is scheduled for 10 AM tomorrow.,ham
1375171,Don't forget to submit your assignment by tonight.,ham
12836467,Urgent! Your account has been compromised. Verify immediately.,ham
8506565,Can you share the project files by evening?,ham
12035264,Happy Birthday! Have a great year ahead.,spam
12896430,Don't forget to submit your assignment by tonight.,spam
8704684,Please review the report and send feedback.,ham
11416392,Your appointment is scheduled for 10 AM tomorrow.,ham
2184073,Your appointment is scheduled for 10 AM tomorrow.,spam
9097608,Get instant cashback on your first purchase. Hurry!,ham
1293043,Win big prizes by participating in our lucky draw today!,spam
7733786,Congratulations! You have won a $1000 gift card. Click now!,spam
7175279,Limited time offer! Buy now and get 50% off!,spam
2773380,Let's catch up over coffee this weekend.,spam
12021347,Happy Birthday! Have a great year ahead.,ham
14407666,Can you share the project files by evening?,spam
8416365,You have been selected for a free vacation. Claim now!,ham
5171307,Can you share the project files by evening?,ham
12920019,Get instant cashback on your first purchase. Hurry!,ham
2536495,Can you share the project files by evening?,ham
1821685,Can you share the project files by evening?,ham
500435,Your loan has been approved. Contact us now.,ham
6240339,You have been selected for a free vacation. Claim now!,ham
12167585,Please review the report and send feedback.,spam
11674143,Can you share the project files by evening?,ham
92766,Meeting postponed to next Monday.,ham
4414162,Act fast! Exclusive deal just for you.,ham
9759811,Happy Birthday! Have a great year ahead.,ham
12528935,Are you available for a quick call?,spam
11439627,Are you available for a quick call?,spam
10070155,Get instant cashback on your first purchase. Hurry!,ham
8516579,Limited time offer! Buy now and get 50% off!,ham
7479292,Urgent! Your account has been compromised. Verify immediately.,spam
6781132,Are you available for a quick call?,ham
1244229,Don't forget to submit your assignment by tonight.,ham
5908618,Are you available for a quick call?,spam
16463051,Act fast! Exclusive deal just for you.,spam
10335736,Are you available for a quick call?,spam
14279454,Earn money from home easily. Sign up now!,ham
11902438,Win big prizes by participating in our lucky draw today!,ham
109084,Are you available for a quick call?,spam
16001688,Can you share the project files by evening?,ham
5388001,Are you available for a quick call?,spam
4202056,Let's plan the trip after exams.,spam
13988111,You have been selected for a free vacation. Claim now!,ham
12871343,Let's catch up over coffee this weekend.,ham
5636018,Can you share the project files by evening?,spam
7682156,Let's catch up over coffee this weekend.,spam
5166874,Act fast! Exclusive deal just for you.,spam
10900827,Win big prizes by participating in our lucky draw today!,ham
14650380,Your loan has been approved. Contact us now.,spam
12161457,Please review the report and send feedback.,ham
8880896,Your loan has been approved. Contact us now.,ham
15341487,Can you share the project files by evening?,ham
14737359,Act fast! Exclusive deal just for you.,ham
4031963,Urgent! Your account has been compromised. Verify immediately.,spam
11925420,Happy Birthday! Have a great year ahead.,spam
11181690,Can you share the project files by evening?,spam
2773814,Limited time offer! Buy now and get 50% off!,spam
5450485,Act fast! Exclusive deal just for you.,ham
15120628,Congratulations! You have won a $1000 gift card. Click now!,ham
14762268,Don't forget to submit your assignment by tonight.,ham
4485477,Urgent! Your account has been compromised. Verify immediately.,ham
6305400,Your appointment is scheduled for 10 AM tomorrow.,spam
12489128,Please review the report and send feedback.,ham
4457255,Let's plan the trip after exams.,spam
12777994,Let's plan the trip after exams.,spam
8760226,Win big prizes by participating in our lucky draw today!,ham
15105329,Can you share the project files by evening?,spam
1389273,You have been selected for a free vacation. Claim now!,ham
9399920,Act fast! Exclusive deal just for you.,ham
14149000,You have been selected for a free vacation. Claim now!,spam
16525546,"Hey, are we still meeting tomorrow?",ham
325648,Please review the report and send feedback.,ham
9366326,Are you available for a quick call?,spam
9947423,Get instant cashback on your first purchase. Hurry!,ham
16424483,Let's plan the trip after exams.,spam
6212097,Limited time offer! Buy now and get 50% off!,ham
7877640,This is your last chance to win big rewards!,spam
12895509,Earn money from home easily. Sign up now!,ham
420744,Limited time offer! Buy now and get 50% off!,spam
3124331,Win big prizes by participating in our lucky draw today!,spam
9976220,Can you share the project files by evening?,ham
3795429,You have been selected for a free vacation. Claim now!,ham
9166466,Let's plan the trip after exams.,ham
1604496,Urgent! Your account has been compromised. Verify immediately.,spam
6949611,Win big prizes by participating in our lucky draw today!,ham
1033840,You have been selected for a free vacation. Claim now!,spam
7323730,Urgent! Your account has been compromised. Verify immediately.,ham
6896714,Don't forget to submit your assignment by tonight.,spam
1994049,Happy Birthday! Have a great year ahead.,ham
10608078,Are you available for a quick call?,ham
12239844,Can you share the project files by evening?,ham
7539623,Win big prizes by participating in our lucky draw today!,spam
1082788,Let's plan the trip after exams.,spam
9724357,Your appointment is scheduled for 10 AM tomorrow.,ham
4516131,Your loan has been approved. Contact us now.,spam
16130834,Urgent! Your account has been compromised. Verify immediately.,ham
6443944,Get instant cashback on your first purchase. Hurry!,spam
173542,Limited time offer! Buy now and get 50% off!,ham
14835234,Let's catch up over coffee this weekend.,ham
5912733,Can you share the project files by evening?,ham
14953372,Happy Birthday! Have a great year ahead.,ham
1680363,Act fast! Exclusive deal just for you.,ham
13808783,Your appointment is scheduled for 10 AM tomorrow.,spam
672603,Let's catch up over coffee this weekend.,spam
14206560,Congratulations! You have won a $1000 gift card. Click now!,spam
5754037,Let's plan the trip after exams.,ham
13454493,Let's plan the trip after exams.,ham
5614905,Your appointment is scheduled for 10 AM tomorrow.,spam
8626315,Get instant cashback on your first purchase. Hurry!,ham
7146625,Your loan has been approved. Contact us now.,spam
1424054,Let's plan the trip after exams.,spam
12761985,Your appointment is scheduled for 10 AM tomorrow.,spam
